<?xml version="1.0" encoding="UTF-8" standalone="yes"?>
<labworks>
    <labwork id="1">
        <name>Математика</name>
        <coordinates>
            <x>47</x>
            <y>64</y>
        </coordinates>
        <creationDate>2022-03-20T18:59:09.845</creationDate>
        <minimalPoint>4.0</minimalPoint>
        <difficulty>EASY</difficulty>
        <author>
            <hairColor>GREEN</hairColor>
            <name>Fai</name>
            <nationality>NORTH_KOREA</nationality>
            <passportID>3425rt</passportID>
            <weight>56.0</weight>
        </author>
    </labwork>
    <labwork id="2">
        <name>Программирование</name>
        <coordinates>
            <x>56</x>
            <y>43</y>
        </coordinates>
        <creationDate>2022-03-20T21:42:13.136</creationDate>
        <minimalPoint>56.0</minimalPoint>
        <difficulty>IMPOSSIBLE</difficulty>
        <author>
            <hairColor>BROWN</hairColor>
            <name>Dan</name>
            <nationality>VATICAN</nationality>
            <passportID>fhhh6666</passportID>
            <weight>94.0</weight>
        </author>
    </labwork>
    <labwork id="3">
        <name>ОПД</name>
        <coordinates>
            <x>456</x>
            <y>23</y>
        </coordinates>
        <creationDate>2022-03-20T21:53:42.692</creationDate>
        <minimalPoint>8.0</minimalPoint>
        <difficulty>HARD</difficulty>
        <author>
            <hairColor>GREEN</hairColor>
            <name>Rita</name>
            <nationality>SPAIN</nationality>
            <passportID>ttyy777rr</passportID>
            <weight>43.0</weight>
        </author>
    </labwork>
    <labwork id="4">
        <name>Max</name>
        <coordinates>
            <x>587</x>
            <y>2345</y>
        </coordinates>
        <creationDate>2022-03-17T17:58:44.564236900</creationDate>
        <minimalPoint>6.0</minimalPoint>
        <difficulty>EASY</difficulty>
        <author>
            <hairColor>GREEN</hairColor>
            <name>Kate</name>
            <nationality>GERMANY</nationality>
            <passportID>532</passportID>
            <weight>45.0</weight>
        </author>
    </labwork>
    <labwork id="5">
        <name>Физика</name>
        <coordinates>
            <x>345</x>
            <y>-234</y>
        </coordinates>
        <creationDate>2022-03-20T23:49:50.426</creationDate>
        <minimalPoint>6.0</minimalPoint>
        <difficulty>HOPELESS</difficulty>
        <author>
            <hairColor>GREEN</hairColor>
            <name>Sasha</name>
            <nationality>GERMANY</nationality>
            <passportID>tttyy54</passportID>
            <weight>72.0</weight>
        </author>
    </labwork>
    <labwork id="6">
        <name>Math</name>
        <coordinates>
            <x>45</x>
            <y>-112</y>
        </coordinates>
        <creationDate>2022-11-12T23:12:01.155</creationDate>
        <minimalPoint>5.0</minimalPoint>
        <difficulty>EASY</difficulty>
        <author>
            <hairColor>GREEN</hairColor>
            <name>Eva</name>
            <nationality>ITALY</nationality>
            <passportID>ytyty575775</passportID>
            <weight>57.0</weight>
        </author>
    </labwork>
    <labwork id="7">
        <name>dsffff</name>
        <coordinates>
            <x>35345436</x>
            <y>424</y>
        </coordinates>
        <creationDate>2022-03-23T01:01:35.429</creationDate>
        <minimalPoint>34.0</minimalPoint>
        <difficulty>EASY</difficulty>
        <author/>
    </labwork>
    <labwork id="8">
        <name>fdsfef</name>
        <coordinates>
            <x>3233</x>
            <y>31312</y>
        </coordinates>
        <creationDate>2022-03-23T01:05:16.206</creationDate>
        <minimalPoint>1231.0</minimalPoint>
        <difficulty>EASY</difficulty>
        <author/>
    </labwork>
    <labwork id="9">
        <name>Vlad</name>
        <coordinates>
            <x>200</x>
            <y>-700</y>
        </coordinates>
        <creationDate>2022-03-17T17:58:44.564236900</creationDate>
        <minimalPoint>32.0</minimalPoint>
        <difficulty>EASY</difficulty>
        <author>
            <hairColor>GREEN</hairColor>
            <name>Rita</name>
            <nationality>GERMANY</nationality>
            <passportID>5678</passportID>
            <weight>5432.0</weight>
        </author>
    </labwork>
    <labwork id="12">
        <name>История</name>
        <coordinates>
            <x>1230</x>
            <y>-60</y>
        </coordinates>
        <creationDate>2022-03-17T17:58:44.564236900</creationDate>
        <minimalPoint>12.0</minimalPoint>
        <difficulty>EASY</difficulty>
        <author/>
    </labwork>
</labworks>
