<?xml version="1.0" encoding="UTF-8"?>
<labworks>
    <labwork id = '9'>
        <name>Vlad</name>
        <coordinates>
            <x>200</x>
            <y>-700</y>
        </coordinates>
        <creationDateTime>2022-03-17T17:58:44.564236900</creationDateTime>
        <minimalPoint>32</minimalPoint>
        <difficulty>EASY</difficulty>
        <author>
            <name>Rita</name>
            <weight>5432</weight>
            <passportID> </passportID>
            <hairColor>GREEN</hairColor>
            <nationality>GERMANY</nationality>
        </author>
    </labwork>
    <labwork id = "8" >
        <name>Max</name>
        <coordinates>
            <x>587</x>
            <y>2345</y>
        </coordinates>
        <creationDateTime>2022-03-17T17:58:44.564236900</creationDateTime>
        <minimalPoint>6</minimalPoint>
        <difficulty>EASY</difficulty>
        <author>
            <name>Kate</name>
            <weight>45 </weight>
            <passportID>532</passportID>
            <hairColor>GREEN</hairColor>
            <nationality>GERMANY</nationality>
        </author>
    </labwork>
    <labwork id = "10">
        <name>Lena</name>
        <coordinates>
            <x>1623</x>
            <y>-123</y>
        </coordinates>
        <creationDateTime>2022-03-17T17:58:44.564236900</creationDateTime>
        <minimalPoint>66</minimalPoint>
        <difficulty>HOPELESS</difficulty>
        <author>
            <name>Olga</name>
            <weight> 5766</weight>
            <passportID> 4575ee67</passportID>
            <hairColor>GREEN</hairColor>
            <nationality>ITALY</nationality>
        </author>
    </labwork>
    <labwork id = "11">
        <name>Anna</name>
        <coordinates>
            <x>654</x>
            <y>457</y>
        </coordinates>
        <creationDateTime>2022-03-17T17:58:44.564236900</creationDateTime>
        <minimalPoint>8</minimalPoint>
        <difficulty>IMPOSSIBLE</difficulty>
        <author>
            <name>Kirill</name>
            <weight>56</weight>
            <passportID>456</passportID>
            <hairColor>YELLOW</hairColor>
            <nationality>ITALY</nationality>
        </author>
    </labwork>
</labworks>